0	你身上揹的東西太重，沒辦法飄浮起來。
1	一個衛生紙架。
2	這是一扇防盜窗。
3	水下呼吸術
4	大門上鎖時必須先關上。
5	 中毒了。
6	一間男廁
7	一間更衣室
8	勇氣術
9	一支眼影筆。
10	一支肉錘
11	一件白色外套
13	幸運的
14	   讀取已存檔的遊戲？
15	        再玩一次？
16	它被牢牢固定在祭壇上。佈景部的人似乎很愛用強力膠。
17	一張大明信片。
18	一個文件盒。
19	附魔武器術
20	一個小牛奶攪拌桶。
21	一隻泰迪熊
22	一個茶葉箱
23	已附魔的
24	你把布單拉到一旁。
25	你可不想放開你的武器。
26	       遊戲暫停
27	    存檔         讀檔
28	上鎖了。
29	一個裝著三根木柴的柴籃。
30	一株瑞士起司草（俗稱龜背芋）。奇怪，我聞不到起司味，當然也聽不到有人在約德爾唱歌。
31	一組電影海報，畫的是艾薇拉最經典的三個角色。
32	這是一個擦手紙架。
33	 - 毒氣陷阱
34	一瓶琴酒。
35	一條繩子
36	一只金聖杯
37	內褲
38	一件性感睡袍
39	一個瓷花瓶
40	一張小胡桃木邊桌。
41	一個鍍鋅鐵桶。
42	一隻搗蛋精靈
43	一把匕首
44	一撮氣宇非凡的鬍子。
45	一撮假鬍子
46	一顆肝臟
47	一個幽靈般的身影死死頂住門。
48	幻術
49	一張從報紙剪下來的跑車圖片。
50	一扇櫥櫃門
51	一個文件盤
52	這是一本大型桌上日誌。
53	一包粉末
54	一個大餐盤。
55	一個容器
56	一套六個手工切割的水晶玻璃杯。
57	童書
58	一把閃亮的鑰匙。
59	一個瓷器花瓶。
60	一把斧頭
61	一撮修剪整齊的假鬍子。
62	一個氣壓計
63	已被祝福的
64	      智力 - 
65	閃電箭
66	驅散不死
67	    入睡……
68	你那把刀刃鋒利的削鉛筆刀。
69	艾薇拉那晚落在你車上的墜飾。
70	一盆小盆栽。
71	束縛惡魔
72	一支扳手
73	波本威士忌
74	一個花盆
75	一套飾演華特·雷利爵士角色用的戲服。
76	一隻護手甲
77	一塊紅色兒童木製積木。
78	狂暴
79	沒有任何效果。
80	 已被附魔。
81	這是一個蓄水槽。
82	復活術
83	 - 尖刺陷坑
84	好幾份綁在一起的文件。
85	一本月曆
86	一把掛鎖
87	保濕乳液
88	一個棕色水壺。
89	一條小毛巾。
90	酒瓶
91	一株種在陶盆裡的大型植物。
92	一塊金黃色石英。
93	一顆散發藍光的水晶
94	一頂頭盔
95	我早就懷疑你是個冷感的人，不過這下真的太誇張了。你得先讓自己暖起來才能離開這裡。
96	你已經在法術頁上放了足夠的材料了，試著調配法術看看吧。
97	一個電腦鍵盤。
98	一道非常厚重的強化鋼製安全門。
99	一張辦公桌。
100	一張黑白明信片。
101	一台磁碟機
102	一個十字架
103	一件保全人員的外套。
104	祝福
105	眼影
106	一盒美味的爆米花。
107	一個玻璃水壺
108	一張老婦人的照片。
109	一個銅漏勺。
110	六人份的餐具組，含刀叉與餐巾。
111	一個假鼻子
112	一對相當驚人的假眉毛。
113	一張化學藥品清單
114	一座支撐燈架的鷹架高塔。
115	在這裡沒有任何效果。
116	長槍
117	這是一個衛生紙架。
118	你沒有任何東西可以下毒。
119	一個打字部門
120	一個馬蹄鐵
121	一間育嬰房
122	一個菸灰缸
123	一顆散發紅光的水晶
124	鑰匙
125	一塊黃色兒童木製積木。
126	含酒精的
127	那底下根本是道地美國鬼鎮。
128	一個上鎖的檔案櫃，裡面只有一堆無聊發霉的舊文件。
129	一個空調系統的通風口。
130	一盞桌燈。
131	一個冷飲儲藏櫃。
132	它重到抬不動，不過奮鬥了幾分鐘後，你還是設法把它拖開了。
133	一把安全鑰匙
134	一段地道
135	牠們的學名是 Psilocybe Semilanceata（半裸蓋菇）。
136	一張小型員工公告。
137	一顆女巫之眼
138	一塊海綿
139	紙張
140	一把不鏽鋼小廚刀。
141	麵包
142	一條手臂
143	一顆腦
144	一顆巨大頭顱的上半部。
145	瓦斯供能的捲髮棒，愛玩女子趴趴走時絕不可少的隨身利器。
146	氣味濃烈的
147	不死族
148	喂！別這樣。是我啦，笨蛋。
149	你把動作追蹤器關掉了。
150	那個放不進去。
151	一間餐廳
152	一把看起來很堅固的五桿式掛鎖。
153	一具神父的屍體。
154	一個小型銀製幸運符。
155	一個濾水籃
156	一支鮮紅色滅火器。
157	偵測陷阱術
158	一套化妝用品
159	一個瓷製水碗。
160	這是一種與 Psilocybe Semilanceata（半裸蓋菇）近緣的新菌株。 
161	一個兩側接著電線的金屬頭環。
162	一個轉角展示櫃。
163	一台投幣電話。
164	聖水。
165	    你突然感到一股
166	治療傷口術
167	一支長槍
168	紅色指甲油。
169	一罐香甜可口的蜂蜜。
170	一個罐子
171	一個鍍鋅水桶。
172	洗髮精
173	聖光爆
174	一個滿是污漬的小塑膠咖啡杯。
175	一本燙金字母的小型皮革祈禱書。
176	一雙艾薇拉最透薄的絲襪。
177	護目鏡
178	一副取自盔甲的金屬護手。
179	捲髮棒
180	一支試管
181	兇猛的
182	戰斧
183	一台柳橙汁機。
184	這是一個頭頂蓮蓬頭裝置。
185	待下毒的食物
186	你的一串鑰匙。
187	偵測魔法術
188	一個帶花紋的大餐盤。
189	一支長柄勺
190	一瓶超強效漂白水。
191	一段大約四呎長的銅管。
192	禱告對你沒什麼幫助，不過我一直覺得講道詞挺感人的。
193	這是一個裝滿凝固舞台血漿的水槽。
194	洗禮盆。
195	眼前的恐怖景象讓你昏了過去。
196	    難以抗拒的  慾望
197	一座蜘蛛迷宮
198	一間戲服間
199	冰鏢術
200	一個老式木製篩子。
201	一個餐盤
202	一件圍裙
203	一把刀柄刻花的匕首。
204	一罐老舊的電影膠捲。
205	一個花瓶
206	一把鑰匙
207	一顆胰臟
208	一顆封存在標本罐裡的闌尾。
209	3. 電腦程式設計師
210	  意志力  - 
211	門鎖著，而你沒有鑰匙可以打開它。
212	一張椅背相當別緻的椅子。
213	一張旋轉椅。
214	 - 魔法陷阱
215	水下呼吸術
216	一個煤桶
217	一條電線
218	漱口水
219	一瓶莊園裝瓶的年份白酒。
220	一座教堂
221	一個蜂型的假鼻子。
222	一頂瓜皮小帽。
223	一顆心臟
224	一本祈禱書
225	宗教
226	聖像
227	我一直很好奇他們是怎麼進出的。
228	    暫停         結束
229	 - 火球陷阱
230	一個陶罐裡種著的小盆栽。
231	一個大藤製購物籃。
232	一個玻璃罐，裡面裝著紅色的東西。
233	一頂頭盔
234	一個枕頭
235	一盒火柴。
236	 - 
237	 - 使用中
238	一台收銀機。
239	一個垃圾桶，裡面堆滿了垃圾。
240	一部電梯
241	一份保全主管的備忘錄。 
242	一間起居室
243	一間祭壇室
244	一條毛巾
245	一把電鋸
246	一顆發著綠光的水晶。
247	一張桌面鋪著綠色氈布的小桌子。
248	吸收魔法
249	四葉幸運草。
250	幸運草
251	一個白色塑膠桶裡種著的大型綠色植物。
252	一盞仿古油燈的複製品。
253	一件實驗室助理的白色工作袍。
254	一顆人類心臟。希望它還沒過期。 
255	一支音叉
256	一支試管
257	冰凍之刃
258	一支湯匙
259	一本書
260	一把西洋劍。
261	一個標著「麵粉」的廚房罐子。
262	一根木樁
263	一瓶鮮紅色的藥水。
264	一瓶藥水
265	一套條紋戲服
266	一雙厚皮革騎士靴。
267	一支明顯被砸爛的電話。
268	一張凳子。
269	一支原子筆。
270	雷擊術
271	腦力強化術
272	一台收音機卡帶播放器。
273	一罐髮膠。
274	一件黑色絲質性感睡袍，你知道是屬於誰的。
275	一個空的髮膠罐。
276	一個玻璃罐，裡面裝著黃色的東西。
277	一顆發著綠光的水晶
278	一只耳環
279	一套戲服
280	假眉毛
281	一條闌尾
282	一塊小孩的綠色木製積木。
283	終於等到了！過來吧，親愛的。我想讓你看看我有多感激你。不，等等。我們回我的公寓吧，那裡我才能好好地「表達」我的謝意。
284	喂！手拿開。你以為你要把我拖去哪裡？
285	一個裝著電影劇本的文件盤。
286	一座停車場
287	一位神父
288	一卷寫著束縛咒古老文字的卷軸。
289	一張小床
290	一支馬桶吸把
291	一截斷肢。完整的樣本。
292	冰錐鏢
293	      力量 - 
294	一張打字員的椅子。
295	一個檔案櫃。
296	這是艾薇拉的車。
297	一套盔甲。
298	《殺人醃黃瓜歸來II》。一部電影傑作，堪稱當代影壇無出其右之作。
299	艾薇拉的照片
300	一條線
301	一間戶外廁所
302	幸運術
303	一個水壺
304	一顆綠色橡膠球。
305	一件精美的狩獵戰利品。
306	一個瓷製水壺。
307	一個化學燒瓶
308	防禦性
309	      你確定嗎？
310	你的等級還不夠高，無法配製這個法術。
311	一支筆
312	一個門廳
313	一本月曆
314	一間地下室
315	一份檔案
316	一面小手鏡。
317	腮紅
318	一間食品儲藏室
319	易燃
320	FireSpellTable
321	喔，太好了。真是「妙極了」。希望你有帶殺蟲劑來。我看抓蟲子的人對這隻應該沒興趣。現在你得另尋他法了。
322	2. 私家偵探
323	公共付費電話。我敢打賭它們都是壞的。
324	一支噴水器
325	一盆小盆栽。可能是某種草藥。
326	一個橢圓形盤子
327	一個標著「義大利麵」的廚房罐子。
328	一個燉鍋
329	一間中央房間
330	一瓶插著漂亮藍花的花瓶。
331	一種帶綠色的液體。
332	一副造型滑稽的假牙。
333	邪惡屏障
334	      防護  - 
335	一張教堂長椅。
336	一台電影攝影機。
337	一塊沐浴海綿。不知道被拿來刷過誰的背。
338	髮膠
339	一個中型銅製燉鍋。
340	魚骨頭
341	一支和平菸斗
342	一串鑰匙。
343	SRLocation
344	魔法
345	請輸入通行密碼：-
346	你在法術頁上放的材料不正確。
347	它關著。
348	效果 - 
349	電梯門開著的時候無法運作。
350	一個標著「糖」的廚房罐子。
351	一段地窖樓梯
352	一把手斧
353	一面小盾牌。
354	一顆深藍色的寶石。
355	一只耳環，款式類似英國歷史名人所配戴的那種。
356	一副相當華麗的軍官假鬍子。
357	嗯，真好吃。
358	這是一台投幣式衛生棉條販賣機。
359	一扇上鎖的門。
360	心靈鎖
361	偵測魔法
362	一條強力膠。
363	一把小刀。
364	口紅
365	黑色指甲油。
366	一支小指甲銼。
367	一個手繪的小瓷花瓶。
368	一個燉鍋
369	一間密室
370	一個架在浴缸上的肥皂盤。
371	蛋糕
372	一間地窖
373	一顆麋鹿頭
374	一盞燈
375	一座極其精美的法式壁爐鐘。 
376	假牙
377	一條走廊
378	等級 - 
379	火球
380	要治療哪個部位？
381	一本月曆，裡面有許多美不勝收的畫面。  
382	一瓶上等紅酒。
383	一支髮梳
384	一份報紙
385	一間書房
386	一支木槌。
387	一副昆蟲護目鏡。
388	存檔
389	一面高壓配電盤。
390	勇氣
391	 - 斷頭台陷阱
392	a hitboxa
393	一個用來收納電腦磁片的塑膠盒。
394	一支古老的印第安戰矛。
395	一個攪拌盆
396	一個玻璃罐，裡面裝著綠色的東西。
397	一把大鑰匙。
398	一幅出自沒沒無聞畫家之手的抽象畫。
399	你已經沒有手可以用了。你沒辦法拿取或放下任何東西。
400	一面裝飾用屏風，艾薇拉的「傲人資產」就在後面展露無遺。
401	你把書放回書架時，一張紙從裡面掉了出來。
402	a hitboxb
403	一間導演辦公室
404	恐懼術
405	膠水
406	一個印第安藥草袋。
407	一把劍
408	一個小盤子
409	一間廚房
410	一個籃子
411	一把刀
412	三塊蛋糕。
413	一顆紅寶石
414	一顆醃漬過的脾臟。
415	一個標本罐
416	 裡面裝滿了聖水
417	  精準 - 
418	是空的。
419	你的法力點數不足，無法施展這個法術。
420	一個筆筒。
421	魔法護甲
422	魔力肌肉
423	a hitboxc
424	一支植物噴霧器
425	復甦術
426	一個金屬馬蹄鐵。
427	束縛卷軸
428	一個砂鍋
429	一種鮮紅色的液體。
430	一隻螞蟻
431	空腸
432	毒性
433	魔法性
434	你聽見遠方傳來鐘聲
435	 在蜘蛛網上。
436	    是             否
437	pp
438	一位氣色很差的保全人員。
439	無
440	一個感應方塊d
441	一間電腦室
442	一個提袋
443	一把大掃帚。
444	一個大茶葉箱。
445	一面大盾牌。
446	一個魔術師的假鼻子。
447	一副老花半框眼鏡。
448	一個化妝箱
449	一株葉片尖長的綠色植物。
450	一座懸吊式燈架，上面裝了好幾盞強力聚光燈。
451	瓦斯桶是空的。
452	一張沾滿血跡的床單。
453	這是馬桶水箱的拉鏈。
454	一個感應方塊e
455	聖光爆裂術
456	新星術
457	一本印有鄉村風景的月曆。
458	一瓶波本威士忌。
459	一個小型的槌打銅製醬汁鍋。
460	一個水壺
461	尺寸
462	救命啊！你這蠢驢腦袋。快把我的法術書拿來，過來這裡。還在等什麼？我人在……號攝影棚裡……
463	試試轉個方向面對。
464	這塊招牌歡迎你來到艾薇拉的攝影棚。
465	祭壇。
466	一張打字椅。你覺得艾薇拉的……會不會曾經坐過這裡呢？
467	一支公共廣播用麥克風。
468	一個感應方塊f
469	念力術
470	這是攝影棚製作人留的字條，要艾薇拉到某個場景跟他碰面。
471	一罐滿滿的髮膠。
472	一把銅製湯勺。
473	一張主臥的床
474	一條辦公室走廊
475	一種淺藍色的液體。
476	一顆深紅色的寶石。
477	貴金屬
478	幹得好啊，花生腦袋。走錯棚了。這世上只有一個真正的我。
479	有點乾。配一杯清淡的白酒應該會更好。
480	一塊用來寫當日菜單的黑板。
481	恐懼
482	黏著術
483	一個感應方塊g
484	一條教堂小徑
485	一片電腦磁片
486	導演的皮夾。
487	一個罐頭
488	一把不鏽鋼大廚刀。
489	一段樓梯
490	一個水桶
491	一個抽屜
492	一頂只有偉大航海家才配戴的假髮。
493	易燃液體
494	你選擇了 
495	是那位絕色美女的大幅畫像。就是那位讓「電視」重新「凸」顯魅力的尤物——艾薇拉。
496	一張相當體面的主管辦公桌。令人印象深刻。
497	這是一個水槽，配有按壓式水龍頭。
498	這是艾薇拉用來收放各種實用工具的箱子，被牢牢焊死在後車廂底部。
499	一具鮮紅色的滅火器
500	保護術
501	一疊六本文件盒。
502	一把配合特殊鎖具的鑰匙。
503	一把剁肉刀
504	一條看起來最好別碰的電線。
505	一本記事本
506	一瓶泡沫豐富的泡泡浴劑。顏色很特別，你不覺得嗎。
507	一個玻璃蘇打水噴瓶。
508	一具骷髏1
509	一個地道儲藏處1
510	一把木槌
511	一個感應方塊h
512	隱形護盾
513	祝福
514	數字鍵盤被鎖住了。
515	你沒辦法治療那條肢體——它根本不見了！
516	一個金色的燭台。
517	一座地下墓室
518	一株長著長葉的蕨類植物。
519	一個地道儲藏處2
520	慕斯
521	一幅裱框的絲質掛毯。
522	一個裝滿雞蛋的陶碗。
523	一個純銀三叉燭台。
524	一支拖把。
525	一具骷髏2
526	一幅抽象派馬賽克畫作。
527	一撮假鬍子，看起來像是某位科學紳士會留的。 
528	一塊綠色磚頭
529	小冠冕
530	可見的
531	毒素已從體內清除。
532	一個大型酒櫃。
533	火球術
534	它們的拉丁學名是 Agaricus Campestris。
535	一個地道儲藏處3
536	一雙艾薇拉最好的黑色鞋子。
537	一個大玻璃水壺。
538	一個橢圓形大餐盤。
539	一個炊鍋
540	一間牢房
541	一顆大型紅色塑膠球。
542	浮力術
543	吸水性
544	怎麼了，鳥腦袋。進不了小屋嗎。試試用路邊那顆石頭。
545	      體質 - 
546	正確的保全密碼已經輸入過了。
547	一本行事曆，滿滿都是那些渴望一睹某人風采的死忠粉絲預約，你懂的。
548	講道台。
549	魔鏡魔鏡，誰是天下第一美。這問題真蠢，答案大家都心知肚明。
550	真羽箭
551	要把什麼拉向你？
552	吸收魔法術
553	一張印著艾薇拉英國城堡照片的明信片。
554	一個肥皂盤
555	一條麵包。
556	一種橄欖色的液體。
557	它們的拉丁學名是 Lepiota Leucothites。
558	可食用食物
559	重量
560	這些門都用電子鎖鎖住了。
561	這是一個老式浴缸。
562	一個牢牢固定在地板上的燭台。
563	幸運
564	你身上沒有能打開這個箱子的鑰匙。
565	 - 毒刺陷阱
566	一張給佈景部門的貨物送貨單。
567	一條教堂小徑
568	冰凍之刃術
569	一台電池供電的收音機錄音座。
570	一個裝飾華麗的金色聖杯，裡面裝滿了暗紅色的液體。
571	艾薇拉的化妝箱。 
572	一個聖杯
573	一種偏紅色的液體。
574	一副眼鏡
575	金屬
576	目前沒有電力可以啟動這台電梯。
577	一塊布
578	琴酒
579	一個護身符
580	藥用棉花
581	一個大型攪拌碗。
582	一匹搖搖馬
583	一盞桌燈
584	一張小型編織地毯。
585	一間閣樓
586	一隻老鼠
587	葡萄酒
588	肉
589	一個裝著一段腸子的標本罐。
590	現在沒有時間存檔。
591	 - 已祝福
592	這個法術在這裡沒有效果。
593	 - 冰凍之刃
594	你需要法術書才能調配法術。
595	沉睡中的吸血鬼。小心別驚動他們。
596	一組層架，上面放著一台螢幕和一株植物。
597	一張皮革沙發椅。
598	一個澆花用的噴壺。
599	一張字條
600	一間圖書室
601	一個帶蓋的大型砂鍋。
602	一塊木製砧板。
603	一個大型銅製水壺。
604	幾罐汽水
605	一套相當精美的軍裝。
606	你重新整理了髮型。呼！這玩意兒真讓人頭皮發熱。
607	 - 已附魔
608	腦力增強
609	哎唷！！！好痛。
610	一個金色十字架
611	隱形護盾術
612	一張艾薇拉某位特蘭西瓦尼亞朋友寄來的明信片。
613	一顆綠色的球
614	一捲地毯
615	一幅知更鳥的畫。 
616	一份醃漬保存的胰臟標本。
617	一顆腎臟
618	一個裝著淺棕色粉末的化學燒瓶。
619	文字
620	這種小孩我見多了。你得找點東西給他玩，我可不是說我自己！
621	這個箱子被鎖住了。
622	一間小屋
623	檔案
624	面紙
625	艾薇拉紅潤臉頰的秘密。不過是哪一對臉頰呢？
626	一個小玻璃花瓶。
627	一塊氣味非常濃烈的起司。
628	一顆虎眼石
629	鑰匙顏色1
630	在你再次嘗試玩弄我之前，先去讀說明書。
631	終於讓這個法術成功了。
632	4. 飛刀手
633	你身上沒有攜帶任何武器。
634	心靈封鎖術
635	一疊四本文件盒。
636	一個罐子
637	這是一套真正的巫師服裝。
638	一段空腸。看起來有點像半磅上等豬肉香腸。
639	鑰匙顏色2
640	 裝滿了血
641	一個電燈開關。
642	這是一座裝飾華麗的老式壁爐。
643	一張剪報
644	一間實驗室1
646	電影膠捲
647	一把鉗線鉗。  
648	劇組成員的照片
649	真不敢相信你有多蠢。又錯了。
650	嗯。感覺真不錯。
651	艾薇拉的「情人雙座椅」。專為兩人打造。
652	碎玻璃片。撿起來只會割傷自己。
653	念力
654	 - 殭屍陷阱
655	口香糖
656	一封信。
657	一把小型保全鑰匙。
658	解毒術
659	一把硬鬃梳子，梳背鑲著珍珠母貝。
660	一個攪乳桶
661	一瓶薄荷口味漱口水。要是有機會跟人親近，這東西很好用。
662	一個水壺
663	一張嬰兒床。
664	一個蘇打水瓶
665	起司
666	a lab2
667	 flag 55
668	選擇武器
669	已穿戴
670	你一移動劇本，有樣東西飄落到地上。
671	體內毒素已清除，傷口也已痊癒。
672	  MR  - 
673	現在沒空讀取存檔。
674	一台電腦螢幕。
675	一個密封金屬蓋魚缸，蓋上開了個小餵食孔。
676	一張黑檀木咖啡桌。
677	草藥療癒
678	一個紅色鐵罐。
679	一個玻璃菸灰缸。
680	一把鑰匙
681	一座鐘
682	一幅畫
683	東張西望了一會兒後，你發現了 
684	法術是虛無縹緲的東西，無法被搬動。
685	一台濾泡式咖啡機。
686	一台咖啡機。
687	一株看起來蔫蔫的植物。
688	一本備忘錄。
689	一把小刀
690	一個房間
691	一本印滿精美風景照的月曆
692	一張備忘
693	一塊絲質祭壇布。
694	一隻蜘蛛
695	紅色口紅。
696	爆米花
697	一個盤子
698	一個小餐盤。
699	這東西還是離遠一點比較好。
700	一瓶洗髮精。
701	一盞裝飾華麗的檯燈。
702	一把鋒利的斧頭。
703	一個碗
704	一撮八字鬍
705	一條鋼製頭帶
706	冰凍
707	可惡！測試中。
708	現在沒空做這件事。
709	女廁標示牌
710	一個皮夾
711	一頂帽子
712	一頂舊盔甲上拆下來的頭盔。
713	1338 - 1
714	經驗值
715	一個上鎖的沉重檔案櫃。裡面沒什麼你感興趣的東西。
716	一本月曆，每個月份都印著不同的鄉村風景。
717	一塊軟木公告板。
718	鑰匙
719	一個吊墜
720	一個馬克杯
721	一把中型不鏽鋼廚刀。
722	酒杯
723	一個純銀三叉燭台。 
724	一頂假髮
725	一副肝臟。有誰家裡剛好有洋蔥？
726	一個燒瓶
727	一張影史經典邪典恐怖片的海報。
728	一張桌子和幾張椅子。
729	治傷術
730	一件外套
731	那位絕色美女的畫像！！！
732	一把掃帚
733	兩盒能把地板刷得吱吱作響的清潔劑。
734	一顆紅色寶石。
735	一隻白瓷招財貓，成對中的一隻。
736	a SpiderStore1
737	一頂做工精良的衛兵頭盔。 
738	一塊紅磚
739	柔軟
740	一股邪惡的力量讓你原地打轉。
741	一個小皮夾。
742	一個十字架。
743	牠們的拉丁學名是 Hebeloma Crustuliniforme。
744	一盒面紙。
745	一份當地報紙。
746	一雙鞋
747	一個米黃色鐵罐。
748	一間浴室
749	一顆藍寶石
750	a SpiderStore2
751	使用中法術
752	快點過來。這惡魔的「把手」燙得要命……呃，我是說事情「棘手」到難以收拾。
753	你並沒有穿戴著它。
754	花費 - 
755	艾薇拉座車的後車廂。車牌寫著「踢爆你」。
756	那位絕色美女的畫像。
757	一個廉價的小塑膠咖啡杯。
758	一張公告
759	一片電腦磁片。
760	一面鏡子
761	十根黑色蠟燭。
762	一條浴巾，八成是用來擦乾某副火辣身材的。
763	一把指甲銼
764	一口大銅鍋。
765	一把黃銅鑰匙。
766	一把趁手的匕首。
767	一套殺人蜂角色戲服。
768	一把古老的印第安戰斧。
769	 - 神聖
770	武器
771	要闖過這裡，你需要蠻力——我是說「蠻」力。我猜你現在正「硬」得很，不過等我說完，你大概就「軟」了。
772	同種的震盪
773	附魔武器
774	這具神父的遺體已經沒辦法搬動了，因為好幾個重要器官都被摘除了。
775	那張惡名昭彰的試鏡沙發。
776	這是一本年曆手冊。
777	一灘乾掉的咖啡漬，黏在桌上。
778	一張可旋轉底座的辦公椅。
779	束縛惡魔
780	解毒
781	一本收錄艾薇拉所有魔法配方的書。
782	一張明信片
783	一個手繪瓷盤。
784	一張桌子
785	一把大劍。
786	一顆脾臟
787	一顆膽囊
788	艾薇拉。
789	把武器放下吧，反正也只是我而已。就憑你那一顆腦細胞，可解不開這地方的謎團。
790	你身上沒有適合剪斷電線的東西。
791	一台打字機。有些人還真是小氣，你會以為他們至少會幫這可憐女孩買台文書處理機。
792	一小球棉花。
793	一個瓷壺
794	一罐蜂蜜
795	清潔劑
796	這是一種劇毒的化學式。
797	一把戰斧
798	測試 1.. 2.. 3..
799	新星術
800	未知
801	你得先把上面的東西移開，才能搬動它。
802	      讀這本書嗎？
803	一封信
804	一把指甲剪。
805	一個大陶製攪拌碗。
806	一支拖把
807	一把雙手斧。
808	一顆電池
809	一個裝著紅色液體的化學燒瓶。
810	你沒辦法把它放進去。試試看空的試管吧。
811	供應冷熱食物的餐檯。
812	你是誰？
813	 - 落石陷阱
814	一張剪報
815	一支不鏽鋼小湯匙。
816	抗火術
817	一團揉皺的紙球。
818	餐具擺設
819	這是一種新品種，與 Psilocybe Semilanceata 是近緣種。
820	牠們的拉丁學名是 Inocybe Asterospora。
821	保護
822	這扇窗戶被漆黑處理過，以減少強力棚燈造成的反光。
823	你身上沒有能打開這扇門的鑰匙。
824	幻術
825	一盆種在塑膠盆裡的垂葉蕨。
826	一瓶花
827	一種深藍色液體。
828	一根銅棒
829	看起來像頂內建耳罩和天線的飛行頭盔。
830	一個精緻木殼氣壓計。
831	你沒有東西可以點燃蠟燭。
832	想活下來，你得又有腦又有蠻力才行，但我很懷疑你兩樣都不夠。
833	這裡似乎有扇門，但怪物的屍體卡住了，讓門打不開。
834	一套電話系統。
835	 已被祝福。
836	一篇關於片場開幕的報導。
837	一頂便帽
838	一個咖啡杯。
839	草藥療癒術
840	一把用來嫩化肉質的木槌狀鎚子。
841	四罐汽水。
842	摺疊梯
843	一把裝著半吋鑽頭的電鑽。
844	一朵蘑菇
845	選單
846	你已經打開動作感應器了。
847	那顆頭顱泡在一灘紅色液體裡。
848	一台裝在金屬架上的飲水機。
849	裡面的架子上放著一本祈禱書。
850	召喚風暴
851	       是         否
852	一本法術書
853	一個小銀十字架。
854	一個燭台
855	一捲堅韌的繩索。
856	一款保養品，專門用來維持那種嬰兒肌膚感。 
857	一個玻璃花瓶
858	一座枝形燭台
859	漂白劑
860	復活術
861	一幅畫工拙劣的野禽畫。
862	一株植物
863	這裡
864	 攻擊模式。
865	選擇角色類型
866	 - 已穿戴
867	你需要那個吊墜才能施展法術。
868	  WS  - 
869	一盞強力的舞台泛光燈。
870	一盞天花板吊燈。
871	膠水
872	真實飛行術
873	一件艾薇拉的紅色緞面內衣樣品，摸起來還是溫熱的。 
874	一個木篩
875	隧道室
876	一塊肉，真不想猜它是什麼來源。
877	一個箱子
878	一隻蛆蟲
879	一套士兵服裝
880	一個印第安魔法袋。
881	?gamepc
882	現在沒空調配法術。
883	 在地上。
884	那怪物的屍體卡得不夠靠前，門打不開。
885	一套藤製桌椅。
886	一幅軍人紳士的畫像，牢牢固定在牆上。
887	治療之手
888	你打開了箱子的鎖。
889	一支滅火器
890	邪惡結界術
891	魔力肌肉術
892	指甲油
893	一個老式煤桶。
894	一個金屬字紙簍。
895	密碼錯誤，請再試一次
896	一張告示
897	一張說明員工年假細節的公告。
898	一個手繪大瓷壺。
899	一把又大又鋒利的不鏽鋼廚刀。
900	一套兒童讀物。
901	一隻貓
902	召喚風暴術
903	盾牌
904	冰凍之刃
905	這裡沒有人可以交談。
906	這些桌椅太重了，你搬不動。
907	一塊石頭
908	一名保全
909	驅散不死術
910	一罐爽身粉。
911	一件髒兮兮的白色廚師圍裙。
912	一張床
913	一面盾牌
914	一份剛採集的人腦標本。 
915	這是一台投幣式保險套販賣機，可惜你沒帶硬幣。
916	一扇單向透視的安全監視窗。
917	這是一個馬桶。
918	你的手伸不進這個洞，你得先脫下鐵手套。
919	一個豎井
920	蠟燭
921	一個標示「乾果」的廚房容器。
922	一把看起來很兇惡的剁肉刀。
923	一個白色大水壺。
924	一張床
925	兩瓶餐酒。
926	一支滅火器
927	一個屋頂
928	一把劍
929	一顆水晶
930	這裡正在拍攝的電影劇本。
931	一整顆腰子，配點牛排一起吃美味極了。
932	一般
933	        繼續
934	這些書全是道具，這裡是電影片場。
935	這些桌椅太重了，你搬不動。
936	「尖叫，尖叫，再尖叫一次」，這片名還真夠有創意。
937	  夢境漸漸淡去.......
938	一本清涼月曆
939	魔法護甲術
940	一個磁片盒
941	一張床
942	一個馬桶吸把，專門對付討厭的堵塞問題。
943	這東西以前真的是一條薰鯡魚，如今也只剩下障眼法的功能。
944	一把短劍。
945	一把常用於保全裝置的鑰匙。
946	一塊黃磚
947	一本皮革封面的祈禱書，扉頁上寫著：「獻給卡拉漢神父，教區信眾敬贈，衷心祝福。」
948	你碰不到它。
949	把所有的魔法都給我拿來。
950	一張送貨單
951	一個白色塑膠噴水壺，噴嘴很細緻。
952	一張床
953	一匹大型木製搖搖馬。
954	一隻泰迪熊。
955	一株種在陶盆裡的大型植物。 
956	一個垃圾桶
957	 - 魔法
958	 已冰凍。
959	這是一台肥皂機。
960	大門上鎖了。
961	好幾個檔案盒固定在一起。
962	一個水壺
963	一個藤製水果籃。
964	一根木樁。
965	一把汽油動力電鋸。
966	一個化妝箱。
967	一張頭皮
968	一雙靴子
969	這是一支頻率非常高的金屬音叉。
970	神聖
971	材料 -
972	一盞現代風格的燈。
973	一幅大畫作，當然只是複製品。
974	一頂保全帽。
975	一個手繪瓷花瓶。
976	一支老式拖把。  
977	劇本
978	幹得好，現在又放出來一個赫曼·蒙斯特他哥哥那種貨色到處亂晃。不過你不覺得他那身「訂製剪裁」挺有品味的嗎？
979	聽著，我被一個三個頭、體毛嚴重超標的傢伙抓走了。他說要在午夜把我獻祭。
980	1. 特技替身
981	一個裝滿垃圾的垃圾桶。
982	一支叉子
983	一道力場
984	一張地毯
985	一幅畫，一件詭異的現代藝術作品。
986	剪線鉗
987	一件迷彩外套。
988	一顆膽囊，還是說其實是塊新鮮薑根？
989	塑形玻璃
990	魔法袋
991	偵測陷阱
992	讀取遊戲
993	一具電話。或許該打去艾薇拉的成人聊天專線試試。
994	一張舊椅子，牢牢固定在地板上。
995	沒有上鎖。
996	 - 破魔陷阱
997	一塊光滑的花崗岩。
998	一個金燭台。
999	一顆看起來相當駭人的老巫婆眼珠。
1000	一張法術頁
1001	一罐慕絲髮膠。 
1002	一個大廳
1003	泡泡浴乳
1004	一顆紅球
1005	一座約五呎高的活動梯。
1006	一個金色聖爵。
1007	一顆石榴石
1008	這是一顆人腦。
1009	一塊墓碑。
1010	這是一個垃圾桶。
1011	一株裝飾用室內樹，葉片是漂亮的雙色綠。
1012	抗火術
1013	那個印第安工友沒理你。
1014	一個容器
1015	一支電鑽
1016	一瓶淡黃色的液體。
1017	一支古老的印第安和平菸斗，極其稀有珍貴。
1018	一幅畫眉鳥的畫像。
1019	一顆透明發光的水晶
1020	一位英國貴族的鬍鬚。
1021	一個裝有劇毒液體的燒瓶。
1022	一個袋子
1023	分叉
1024	你已經扛不動更多重量了。
1025	開始
1026	       你確定嗎？
1027	一套溫度感測儀與警報系統。
1028	這是一台電動烘手機，按下按鈕即可使用。
1029	一具已無生命跡象的神父屍體，後腦有一道很大的開放性傷口。
1030	一個滑鼠墊和一顆滑鼠。
1031	一台大型主機。
1032	浮力術
1033	甦醒術
1034	一塊看起來不太舒服的嚼過口香糖。
1035	治療之手
1036	一支不鏽鋼餐叉。
1037	指甲剪
1038	一個棕色小花瓶。 
1039	一塊砧板
1040	一支塞著軟木塞的試管。
1041	音量
1042	什麼事都沒發生。
1043	快點啦，駱駝嘴。我需要人救，我需要我的化妝箱，我還想上廁所。
1044	這是一個保全系統控制面板。
1045	一把用來拆螺帽的開口扳手。
1046	褲襪
1047	一個中型手工敲製的銅鍋
1048	一大捲中心中空的紅地毯。
1049	一副假鬍子
1050	一頂造型狂野怪異的假髮。
1051	一個紅色緞面鴨絨枕頭。
1052	一盒火柴
32768	施放後會朝目標射出一片冰晶，造成輕微傷害。
32769	聖水，以及使用十字架。
32770	受祝福的武器對邪惡系生物造成額外傷害。
32771	綠寶石與一把銼刀
32772	武器造成額外傷害，且更容易揮舞。
32773	可燃物質
32774	一團火球會射向目標，造成中等傷害。材料的份量會影響效果。
32775	兩件善良系宗教物品
32776	一道純善之光會射出，對邪惡怪物造成中等傷害。
32777	紫水晶與任何叉狀物品
32778	電流會從施法者指尖竄出，造成嚴重傷害。材料的份量會影響效果。
32779	兩件冰冷物品
32780	武器會變得極度冰冷，造成額外傷害。
32781	一種易燃液體
32782	會噴出一道火流，重創視野內所有怪物。
32783	施法者周圍的空氣會凝結成一面盾牌，可偏移部分遠程攻擊與戰鬥傷害。
32784	一個金屬環
32785	施法者會被包覆在一層魔法力場中，減少所受傷害。
32786	一本祈禱書
32787	只要施法者保持不動，任何邪惡之物都無法穿越這道結界。
32788	滅火器
32789	在此法術生效期間，施法者對所有火焰傷害免疫。
32790	一把掛鎖與一本書
32791	此法術可保護已記住的法術，不受「破魔術」影響。
32792	三件貴金屬製品
32793	這是「保護術」的強化版本。
32794	任何可食用之物
32795	此法術能讓施法者在任何環境下呼吸。
32796	石榴石與任何吸水性物質
32797	在短時間內，一切魔法都對施法者無效。
32798	與好運相關的物品
32799	施法者會獲得一次性的超強好運。
32800	一塊磁鐵
32801	此法術能讓施法者召喚一件不受限制的物品到自己身邊。
32802	海洋生物鈣化後的遺骸
32803	提升水中的負重能力。
32804	石英
32805	施展此法術後，施法者便能辨識出魔法的力量。
32806	一小瓶酒精
32807	此法術能讓施法者忘卻一切恐懼。
32808	三件金屬物品
32809	施展此法術的人，將被賦予強大的力量。
32810	羽毛
32811	魔法必定命中敵人最脆弱的部位。
32812	任何用來儲存資訊的物品
32813	施法者的記憶力與整體智力，都會大幅提升。
32814	一種黏著劑
32815	目標會被短暫黏在原地動彈不得。注意，此法術對付較大型的敵人效果不佳。
32816	一顆女巫的眼珠
32817	此法術會讓較弱小的敵人感到極度恐懼。
32818	一面鏡子
32819	施法者會變成他接下來遇見的生物的模樣。
32820	一顆腦
32821	此法術能驅退不死生物。
32822	讓一位聖潔之人起死回生。
32823	在適當的情況下，此法術能夠困住惡魔生物。
32824	一具氣壓計
32825	若在高處施展，便會召喚出一場風暴。
32826	此法術能對單一身體部位產生輕微的治療效果。
32827	一種天然毒物
32828	此法術能清除體內所有毒素。
32829	一件氣味強烈的物品
32830	施展後，此法術會持續生效直到派上用場為止。若施法者陷入昏迷，便會自動獲得治療。
32831	任何可食用的菇菌
32832	此法術能讓單一身體部位獲得大幅治療，其餘部位則獲得輕微治療。
32833	一瓶聖水
32834	施法者的身體，將恢復至完全健康的狀態。
32835	任何有形狀的玻璃器物
32836	此法術能偵測陷阱。
32837	黑寡婦製片公司今年推出的重量級新片，挾著頂尖科技的優勢，勢必要在電影圈掀起一陣旋風。
32838	 運用嶄新的高科技特效，這家爭議不斷的恐怖片廠，正在重拍三部經典恐怖片。
32839	這幾部電影全都由「黑暗女王」艾薇拉主演。新片包括《恐怖之屋》、《蜘蛛之吻》，以及
32840	 《墳墓來客》，全都可望大賣特賣。
32841	其中一部電影的賣點，是現代電影史上所見過最大型的人偶特效。
32842	 這隻三頭巨犬人偶足足有三十呎高，堪稱現代科技的一大勝利。
32843	全球數一數二的最新片廠，就位在加州。黑寡婦製片公司擁有一批堪稱有史以來
32844	 最先進的設備，並與名符其實的恐怖女王艾薇拉簽下兩年合約。
32845	可惜的是，自從西岸一位靈媒宣稱片廠遭邪靈附身之後，不少導演都對這裡避之唯恐不及。
32846	在美國所有片廠當中，若論恐怖特效上的突破，首推加州的黑寡婦製片公司。
32847	 他們的現代技術，打破了電影與現實之間的重重藩籬。
32848	今年稍晚，三部電影將同步上映，全都由艾薇拉主演——而她本人，就是一大特效奇觀！
32849	運用最新的逐格動畫技術，實驗室裡的工作人員已經打造出超過四十種各不相同的人偶。
32850	 不過他們最偉大的成就，是一隻高達三十呎、可遠端遙控的人偶。
32851	這隻人偶將在所有電影中，與黑暗女王同台演出。這是一隻巨大的三頭犬造型怪物，人稱「地獄犬」。
32852	 片廠的特效人員，都暱稱牠「抱抱」！
32853	……如果澈頭澈尾的混亂是閃電，那他就是那種會在雷雨中站上山頭，穿著溼透的銅甲，還大喊「諸神都是混蛋」的傢伙……
32854	這裡有一本書，書名叫做《90年代新片精選》。書中收錄了所有正在製作中的新片資訊。
32855	一本名為《北美片廠大全》的書。這本厚重的書籍，介紹了美國最頂尖的幾家片廠。
32856	一本名為《特效技術》的書——這本精采絕倫的書，解說了電影特效的運作原理。
32857	一本泰瑞·普萊契所著的《魔法的顏色》——可惜你沒時間把它讀完。
32858	慈悲不是出於勉強，它像甘霖一般，自天而降，滋潤塵世。它具有雙重的祝福，
32859	 既祝福施予的人，也祝福受施的人……
32860	惡魔學的
32861	古老技藝，是魔法中
32862	最危險的一種。
32863	不宜由
32864	能力低淺之人施展。
32865	「警告吧，愚蠢的門外漢，
32866	你已被警告過了，惡魔
32867	永遠不會忘記你——牠們的
32868	折磨者與囚禁者。」
32869	箇中風險極大，但
32870	回報更為豐厚。調製
32871	「惡魔束縛法陣」
32872	的方法，
32873	既複雜又艱難。
32874	每一個步驟都必須
32875	依所述精確執行，
32876	否則災禍將降臨於你，
32877	你將承受
32878	無盡的苦難。首先，
32879	必須由一位純善的祭司，
32880	用人血畫出
32881	一個完美的圓圈，
32882	否則魔法將會失敗，
32883	一切混沌都會被釋放。在此圓圈之內
32884	祭司必須刻畫出
32885	一個完美的魔法星形，
32886	以聚集力量。接著，
32887	必須放置十根黑蠟燭，
32888	於通路的交會處，
32889	並將這些蠟燭點燃，
32890	作為引導邪惡生物
32891	從牠們污穢位面前來的
32892	燈塔。這股
32893	強大的魔法
32894	將宇宙一分為二，
32895	圈內與
32896	圈外。圈內的區域
32897	是通往惡魔位面的
32898	直接通道。你
32899	接下來必須召喚
32900	你欲召喚的惡魔，
32901	憑藉一則附魔訊息。
32902	據傳古代部族
32903	曾用一個
32904	附魔的魔法袋來達成此事。
32905	下一步是
32906	最重要的一步。你絕不能
32907	有絲毫差錯，
32908	否則魔法將會失敗，
32909	惡魔大軍將
32910	自由橫行於這片土地。
32911	當混沌之裔
32912	完全實體化後，你必須
32913	以最快速度
32914	將祂束縛於你的意志之下。這一步
32915	涉及你與怪物之間
32916	的一場心靈爭鬥。
32917	一旦你取得掌控，
32918	這隻惡魔便將
32919	聽命於你，
32920	為期一個太陽週期。驅逐的方法
32921	與召喚類似，
32922	只是必須
32923	以簡單的方式
32924	將傳送門逆轉。
32925	依序執行
32926	最初的幾個步驟，然後讓惡魔
32927	進入圓圈，
32928	唸誦束縛咒語。
32929	此時這隻生物
32930	已不再聽命於你。動作要快，
32931	將這生物
32932	驅散回牠原本的來處，
32933	並摧毀這個魔法圓圈，
32934	以免牠
32935	回來尋仇。
32936	「死亡天使」是
32937	邪惡陣營中最強大的
32938	爪牙之一。這種不潔的
32939	生物，是直接
32940	從地獄派來，對付那些
32941	插手邪惡事務之人。
32942	通常只有在其他手段
32943	都失敗時，才會派出牠們。
32944	儘管牠們形容枯槁、
32945	面色極為蠟黃，
32946	但這種生物
32947	極度危險，通常
32948	只需揮動鐮刀
32949	一擊，便能取人性命。
32950	據說要從死亡天使
32951	手下逃脫是不可能的事。
32952	能引來邪惡
32953	如此程度的關注，
32954	鮮少有人能夠倖存。
32955	「活化物」是由人類
32956	科學家或魔法師所創造，
32957	心中設定好
32958	一套特定的動作程序。
32959	牠們通常只做
32960	簡單的動作，就像機器人一樣。
32961	牠們以無止盡地
32962	依循固定模式行動
32963	著稱，直到被下達其他指令為止。
32964	除非被安裝了
32965	某種人工
32966	智慧，
32967	否則牠們
32968	只能理解基本指令。牠們通常
32969	極為堅韌，往往
32970	只要魔法仍在運作，
32971	就殺不死牠們。這
32972	是因為魔法會治癒
32973	牠們所受的任何傷害，
32974	讓牠們
32975	恢復原狀。牠們
32976	沒有任何
32977	特殊能力，必須
32978	將其徹底搗毀才能阻止。
32979	「報喪女妖」是
32980	惡魔麾下不幸的奴僕，
32981	牠們的職責通常是
32982	預示家中將有人死亡。
32983	不過，牠們
32984	也常被當作早期警報系統使用。
32985	牠們那足以
32986	震破耳膜的尖叫聲，會提醒眾人
32987	有入侵者存在。牠們
32988	的攻擊方式是
32989	用指甲抓撓，但
32990	面對堅決的
32991	攻擊者，基本上
32992	毫無防禦能力。牠們沒有
32993	任何魔法能力，而
32994	報喪女妖
32995	的出現，通常預示著
32996	更大的危險將至。要當心，
32997	據說牠們的尖叫聲
32998	會引發劇烈頭痛，並
32999	提醒牠們的主人。
33000	「惡魔」是源自
33001	另一個存在位面的生物。
33002	除了我們
33003	所居住的物質位面
33004	之外，還有七個位面。
33005	事實上，如果
33006	我們能夠前往
33007	其中任何一個位面，
33008	我們也同樣
33009	會被歸類為惡魔。混沌
33010	是惡魔的基本特質，
33011	牠們來到我們的位面
33012	興風作浪，
33013	純粹只是為了自娛。
33014	牠們也可以
33015	被魔法召喚，被迫
33016	替召喚者執行任務。
33017	所有的惡魔至少都
33018	具備中等程度的力量，有些則極為強大，而假使牠們
33019	攻擊，若集體來襲
33020	便足以征服世界。
33021	所幸惡魔彼此
33022	多半不和睦。「大惡魔」
33023	對人類而言,
33024	十分稀少。目前
33025	已知僅有八隻，
33026	分別統御各個位面。
33027	其中
33028	最凶暴的一隻，正是地獄犬。
33029	這頭惡魔化身為
33030	一頭巨大的三頭犬。
33031	這頭生物能噴吐烈焰，
33032	施展極為強大的
33033	法術。若遇上地獄犬，
33034	最好的辦法
33035	就是拔腿狂奔，跑得極快。
33036	牠性情極度兇惡，
33037	過去曾多次
33038	企圖(至今尚未得逞)
33039	征服
33040	此界。
33041	地獄犬身邊常圍繞著
33042	其爪牙，用以
33043	提供護衛，防範
33044	有能力
33045	將牠放逐回
33046	本位面的施法者。
33047	「小惡魔」則
33048	形形色色，大小不一，
33049	來自各個不同位面。最常見的
33050	是「元素惡魔」
33051	與「魅魔」。元素
33052	惡魔來自某個
33053	元素位面，擁有
33054	與該元素相關的
33055	力量。例如火
33056	惡魔能隨心所欲
33057	噴發烈焰。魅魔則以美色誘惑
33058	先讓獵物陷入
33059	無力抵抗的處境
33060	隨後便用
33061	利爪將其活活撕成
33062	碎片。牠們現身時
33063	化作絕色美人
33064	事先令獵物
33065	沉沉睡去。
33066	元素惡魔則以其
33067	元素的實體形態現身
33068	剋制
33069	之道通常就是
33070	使用相剋的元素。
33071	「幽靈」是
33072	非物質實體，通常
33073	為強大的施法者效力
33074	對方承諾
33075	事成之後助其復活
33076	重生。幽靈是
33077	那些死於極度慘烈
33078	痛苦萬分之人
33079	的亡魂。牠們
33080	以冰冷之觸攻擊
33081	能耗弱體力
33082	與生命值，據說
33083	令人極度心神不寧。
33084	由於
33085	屬非物質狀態，
33086	唯有魔法才能傷害牠們。
33087	所幸，
33088	一旦以此法攻擊，
33089	牠們便十分脆弱。
33090	「食屍鬼」是
33091	不死生物，擁有
33092	獨特能力，只消一觸
33093	便能使生物麻痺。牠們
33094	比活屍傀儡
33095	與殭屍更為聰慧
33096	具備幾分獨立思考能力，
33097	不過通常
33098	仍受某種施法者操控。
33099	牠們相當強韌
33100	頗不易
33101	殺死，但沒有
33102	任何魔法能力。
33103	若非
33104	伺機使獵物麻痺，
33105	牠們便會拔出匕首
33106	迅速攻擊。
33107	「巨鼠」在
33108	地底深處演化而成，
33109	遠離人類視線。牠們
33110	體型是
33111	一般老鼠的數倍，
33112	強而有力的顎部
33113	能造成嚴重傷害。牠們
33114	雖不算強韌，卻能
33115	承受不少傷害，
33116	通常不構成太大威脅。
33117	但要當心，其中
33118	有些帶有傳染疾病。
33119	「妖婆」是
33120	將一生奉獻
33121	給惡意的邪惡女子。
33122	她們因此獲賜強大魔法
33123	卻也被詛咒得
33124	肢體畸形。一旦
33125	突破她們的
33126	魔法防禦，
33127	由於體質孱弱，不難擊敗。
33128	她們慣用
33129	閃電擊殺敵人。
33130	「小惡鬼」
33131	最貼切的形容，是體型矮小、
33132	皮膚呈綠色、性情惡劣的
33133	類人生物。牠們
33134	其實是被詛咒
33135	染上綠皮的人類，多年前
33136	遭到放逐，
33137	只得離開地表。切勿
33138	小看牠們——
33139	地底生活絕非易事，
33140	一般小惡鬼
33141	遠比人類強壯、耐打。
33142	小惡鬼是鍛造好手，
33143	能打造出品質精良的
33144	武器與盔甲，
33145	以此
33146	自保。牠們通常
33147	以約一百五十個個體
33148	組成部族群居，統治
33149	地下世界的
33150	某個區域。
33151	「昆蟲」，
33152	更準確地說是「巨蟲」，
33153	乃是以魔法
33154	使其較小的同類放大而成。
33155	牠們能迅速
33156	大量繁衍後代，
33157	佔滿一整片區域，
33158	形成極佳的防禦。牠們的
33159	能力強弱
33160	差異極大。牠們通常
33161	單憑數量優勢
33162	便足以取勝。以下
33163	列出幾種
33164	已發現的
33165	巨型昆蟲。要當心，牠們
33166	往往擁有
33167	小型同類所沒有的
33168	特殊能力。
33169	「巨蟻」
33170	數量往往最為龐大。
33171	牠們是危險性最低
33172	也最容易解決的一種，
33173	因為變異過程
33174	會削弱其外骨骼。
33175	牠們的攻擊方式，是
33176	從尾部噴出酸液團塊。
33177	這種酸液，
33178	對非有機物質
33179	有極強的腐蝕性。
33180	「巨蛛」極為罕見，
33181	因為蜘蛛
33182	對增長魔法有
33183	極強的抗性。這道
33184	法術鮮少奏效，但一旦
33185	成功，效果
33186	便驚人且極端。
33187	在所有巨型昆蟲當中，
33188	蜘蛛的體型遠遠居冠。
33189	牠們力大強韌，
33190	劇毒無比，
33191	且對魔法有極強的抗性。
33192	「巨蛆」是
33193	體型龐大、性情兇惡的生物
33194	擁有鋒利如刀的上顎
33195	與能碎骨的怪力。牠們
33196	能承受大量傷害，
33197	但對魔法的抗性
33198	極低。牠們的外形
33199	與行動方式，
33200	就像一條巨大的毛毛蟲。
33201	「巨蚊」平常大小，
33202	不過是討厭的害蟲，
33203	一旦變大便極度危險。
33204	牠們攻擊時，
33205	會將吻管
33206	刺入獵物體內，吸乾
33207	其血液。一旦
33208	遭其刺入，
33209	必須盡速將其消滅，
33210	因為牠們的毒液
33211	很快便會令人失去意識。
33212	「水精」是
33213	體型龐大的水生昆蟲，
33214	對自己的水底領域
33215	看守極嚴。牠們會用
33216	強而有力的顎部，
33217	兇猛攻擊入侵者。
33218	所幸，長期水下生活
33219	削弱了牠們的
33220	外骨骼，使其成為
33221	容易對付的目標。
33222	「巨蠍」是
33223	最致命的食蟲生物之一，
33224	巨型化後尤其危險。
33225	牠們體型龐大，
33226	尾部帶有凶狠的倒鉤。
33227	雖然體格
33228	本身相當孱弱，
33229	卻能造成驚人的
33230	毒害傷害。
33231	所幸，由於
33232	軀體龐大笨重，
33233	牠們動作極為緩慢，
33234	有時甚至根本不動。
33235	「胡蜂」是飛行速度極快的
33236	這類昆蟲攻擊迅速，
33237	隨即抽身撤退。牠們的
33238	螫刺相當疼痛，
33239	有時還帶有毒性。
33240	巨型胡蜂
33241	被賦予
33242	一些次級法術，也並非罕見。
33243	巨蠕蟲（WORMS）體型確實十分龐大，
33244	所幸相當虛弱。
33245	牠們柔軟的軀體
33246	是絕佳的攻擊目標，加上天生的
33247	盲目，使牠們
33248	難以應戰。
33249	但要小心，只要一記重擊，
33250	這類生物
33251	就能撂倒
33252	最強悍的戰士。
33253	《威廉·莎士比亞喜劇集》——隨手翻閱幾頁後，你不禁納悶這本書怎麼會被擺在幽默區。
33254	一本輕鬆小品，書名叫《惡魔學研究》——你完全想不通這本書為何會被擺在幽默區。
33255	《恐怖生物圖鑑（A - I）》——一本厚重、翻得破舊的書，介紹恐怖世界中常見的怪物。
33256	《恐怖生物圖鑑（I - J）》——本系列第二冊，收錄大量關於巨型昆蟲的資料。
33257	擬態怪（MIMICS）是沒有心智的複製體，
33258	常被施法者
33259	用來冒充他人。
33260	然而在那以魔法
33261	塑成的血肉之下，其實只是一具
33262	腐爛的屍體。牠們的
33263	力量與體質，
33264	取決於
33265	創造牠們的法師
33266	能力的強弱。據傳
33267	有些擬態怪
33268	能完全免疫一般傷害。
33269	擬態怪無法施展
33270	任何法術，因此
33271	擁有極高的魔法
33272	抗性。
33273	對付牠們最有效的辦法，
33274	是用魔法
33275	強化你的體能，
33276	再以正常方式攻擊。
33277	死靈法師（NECROMANCERS）是
33278	與靈魂位面有著
33279	心靈連結的人類。倘若
33280	這份能力從小
33281	便由一位強大
33282	法師加以培養，這孩子日後便會
33283	成為死靈法師，精通
33284	操縱不死生物的法術。
33285	一位完全學成的死靈法師，
33286	不僅能施展多種法術，
33287	還能召喚大批
33288	來自彼岸的
33289	不死大軍。牠們確實是強大的
33290	對手，因為
33291	身上帶著取自
33292	靈魂位面的武器。尤其要當心
33293	牠們的
33294	「死亡之塵」，
33295	可隨意釋放。這種
33296	致命孢子一旦吸入體內，
33297	便會由內而外
33298	侵蝕人體，受害者將
33299	永遠淪為邪惡的僕從。
33300	騷靈（POLTERGEISTS）是
33301	被魔法
33302	困在我們這個位面的
33303	自由靈魂。牠們其實
33304	隨心所欲、無法被
33305	控制，只是單純
33306	重複著
33307	生前所做的事。牠們
33308	沒有攻擊能力，
33309	但同樣也無法
33310	用任何方式攻擊牠們。
33311	變形怪（SHAPESHIFTERS）是
33312	較為強大的、
33313	非惡魔系生物之一，
33314	你很可能會遭遇。
33315	變形怪能重組
33316	自身的基因結構，
33317	隨心所欲變化成
33318	體型大致相仿的
33319	其他生物的模樣。然而牠真正的形態，
33320	其實是一條巨大的
33321	巨蛇，血盆大口滴著
33322	致命毒液。攻擊方式是
33323	朝獵物
33324	噴吐毒液。變形怪同時
33325	也是強大的魔法使用者，
33326	常能見到牠們
33327	率領著一群
33328	怪物。牠們徹底
33329	邪惡，不擇手段
33330	製造痛苦
33331	與死亡。牠們的毒液要花上數分鐘
33332	才會致命，因此
33333	開戰前務必準備好
33334	大量藥水。
33335	骷髏（SKELETONS）是
33336	被重新賦予生命的
33337	人類骸骨。牠們
33338	通常只被用來當守衛，
33339	相當容易
33340	解決，動作緩慢又
33341	相當虛弱。據說有些骷髏
33342	被賦予了
33343	次級法術。不過要當心，
33344	牠們
33345	被打倒後過一段時間
33346	就能自行復原。
33347	吸血鬼（VAMPIRES）分為兩種：
33348	純血種與
33349	混血種。純血吸血鬼是
33350	兩隻吸血鬼所生的後代，
33351	混血種則是
33352	被感染而成的吸血鬼，
33353	感染源是純血種。牠們外表看似
33354	老派人類，長著
33355	明顯的犬齒與蒼白的
33356	皮膚。純血種
33357	極為危險，
33358	弱點很少，
33359	攻擊力
33360	強大。混血種
33361	相較於
33362	純血種祖先能力較弱，
33363	弱點也多得多。牠們
33364	常常成群結隊
33365	或以家族形式出現，
33366	用來保護其創造者。大多數
33367	吸血鬼都厭惡聖物、
33368	陽光與大蒜。所有吸血鬼
33369	都至少能施展一些法術。
33370	吸血蝙蝠（VAMPIRE BATS）其實並非
33371	真正的吸血鬼族，
33372	只是嗜血的巨型蝙蝠
33373	罷了。牠們
33374	沒有魔法，也十分虛弱。
33375	然而牠們迅雷不及掩耳的
33376	突襲，加上成群結隊，
33377	卻已終結過不少人的性命。
33378	尸鬼（WIGHTS）是強大的
33379	守衛者，居住在牠們
33380	生前所擁有的軀體之中。
33381	牠們擁有冰凍觸碰，
33382	能造成麻痺
33383	與極大的傷害。牠們
33384	必須隨時與
33385	自己的肉身保持接觸，
33386	大部分時間
33387	都在其中「沉睡」。牠們
33388	通常只要有
33389	生物的氣息接近，就會甦醒。
33390	殭屍（ZOMBIES）只是被賦予
33391	行動能力的屍體。牠們徹底
33392	愚蠢，無法自行做
33393	決定，只能遵循
33394	簡單的指令行動，
33395	像被線牽著的木偶一樣。牠們
33396	通常相當強韌
33397	有力，也可能被
33398	操縱者用魔法
33399	加以護體。
33400	鉛條花窗這門古老工藝，
33401	在現代
33402	已鮮少有人
33403	鑽研。如今很難
33404	再見到那雙沉穩的手，
33405	以及那堅如生鐵的機智，
33406	才能施展這門細膩的技藝。
33407	事實上，最後一位認真的
33408	鉛條花窗師傅，如今住在
33409	美麗的布里斯托，時常
33410	可見他把熔化的
33411	鉛滴在一小片玻璃上。
33412	笨豬跳愛好者是一群有點
33413	瘋狂的人，喜歡
33414	朝堅硬水泥地自由落體的
33415	刺激感，
33416	直到被一條橡皮
33417	繩子在撞擊前一刻拉住。
33418	然而世人多半懷疑，
33419	這些跳水者
33420	其實是一群受虐狂，一心
33421	想體驗看看
33422	變成半英吋厚、
33423	四十英呎寬是什麼滋味。
33424	他心知肚明
33425	牠們是什麼東西，但從未
33426	像這次一樣如此近距離
33427	接觸過。那頭母的
33428	已經來到離他
33429	不到十呎的地方。他緩緩收回
33430	垂在外面的舌頭，闔上
33431	嘴巴。就在那一刻，他
33432	暗自立誓，從此要追隨、
33433	仰慕這種生物，勝過
33434	世上其他一切。從此不需要綿羊了，
33435	吉……
33436	保羅倚著
33437	牆，風吹得他的
33438	裙擺捲上腳踝。他
33439	下意識調整了一下
33440	胸罩襯墊，靜靜
33441	等待安德魯
33442	到來。今晚將是
33443	他此生最重要的一夜。
33444	安德魯毫無所覺。
33445	他的假髮滑下來遮住了
33446	一隻眼睛，他已是第十次
33447	把它扶正了。
33448	史考特再也受不了了。
33449	他這輩子一直
33450	有優柔寡斷的毛病，
33451	就連小事也難以決定，
33452	但這次實在太過分了。他
33453	他一手擠著青春痘，
33454	一邊盤算著抉擇。
33455	到底該先穿左腳
33456	還是右腳的鞋？
33457	他心想，這個決定，
33458	可能會影響他
33459	往後的人生。
33460	他們絕對不會發現的，
33461	麥特心想。再一張就好。
33462	沒有人會懷疑。他們
33463	都以為我多年前就戒了。
33464	但其實這些年來
33465	我一直瞞著大家。
33466	得在對的時機
33467	說些漂亮謊話，這我在行。
33468	現在風頭過了，
33469	我又可以光明正大跑去
33470	「Our Price」唱片行，
33471	買一張珍娜·傑克森的黑膠。
33472	「蕾絲邊」彼得非死不可。
33473	他必須死。為求萬無一失，
33474	幫派份子先往他
33475	頭上猛踩，朝他
33476	心臟連開數槍，
33477	接著往他身上
33478	砸下各種重物，
33479	把他四肢砍下吃掉，
33480	再拿
33481	濃縮強酸伺候他，
33482	最後把剩下的殘骸
33483	封進水泥裡。小心駛得
33484	萬年船嘛。
33485	簡直天衣無縫，
33486	路卡斯心想。變性、
33487	縮矮身高。
33488	甚至連中年
33489	謝頂的髮線都做得
33490	相當維妙維肖。就在他
33491	伸手拿面紙想擦掉
33492	最後一點
33493	睫毛膏痕跡時，他頓住了。
33494	這一點，
33495	是他們永遠
33496	改變不了的，他心想。
33497	任何場合都有適合的毒藥。
33498	真正的毒藥行家，
33499	總能一眼看穿
33500	該用哪一種。
33501	實際調製方法簡單，
33502	本書不多贅述。
33503	務必挑選
33504	正確的毒藥，
33505	否則後果
33506	可能不堪設想
33507	（你也可能一命嗚呼）。
33508	給真正的虐待狂，我們推薦
33509	「托林腸道爆破劑」，
33510	這種毒藥會讓
33511	結腸擴張、全身痙攣。
33512	須經口服用，
33513	約三十秒後見效。
33514	最終結果是死亡，
33515	但死前至少
33516	會有十分鐘的
33517	痛苦掙扎。
33518	手法較細膩的殺手，
33519	也許會偏好
33520	氯氣這種精緻手段。
33521	高濃度吸入
33522	會使肺部溶解，
33523	讓受害者
33524	拚命喘氣缺氧。
33525	這在正式晚宴
33526	場合頗受歡迎。
33527	下一種毒藥
33528	只在水中才有效，
33529	且須經口服用。
33530	這款名為「水葬」的毒藥，
33531	吞下後幾秒內
33532	便會致命，
33533	效果保證好用，
33534	不滿意還可退費。
33535	如果你只是
33536	想整整某人，
33537	而不是真的要他的命，
33538	這款毒藥就適合你。
33539	用印度香料
33540	以特定比例調配而成，
33541	會造成嚴重腸胃不適
33542	與腹瀉，
33543	至少持續一整天。
33544	這款毒藥
33545	常被稱作
33546	「地獄咖哩雞」。
33547	服用後
33548	還會產生劇烈幻覺。
33549	X 物質
33550	必須經靜脈注射
33551	才能發揮效果。
33552	許多受害者
33553	中毒後
33554	會出現自殺傾向。
33555	使用後不留下
33556	任何痕跡。
33557	《恐怖生物大全（M-Z）》－系列叢書的最後一冊，翻到爛熟、厚得驚人。
33558	《從高空彈跳到鑲鉛玻璃窗》－一本薄薄的參考書，記載人們「為了好玩」做過的各種怪事。
33559	這是一本無題自傳，作者不詳。書裡有幾頁被畫了底線。
33560	《人人都懂的毒藥手冊》－本書詳細介紹九零年代各種熱門毒藥。
33561	復活術是一種
33562	能讓死去的
33563	有機生物
33564	重返人間的法術。
33565	其原理是：
33566	先將該生物的靈魂
33567	召回此界，
33568	再為其重塑
33569	一副有生命的軀殼，
33570	生命便會回歸。
33571	這是一道
33572	威力驚人的強大法術，
33573	現代法師
33574	耗費無數心血研究，
33575	才得以揭開
33576	其中奧秘。
33577	成功施展
33578	所需的材料，
33579	本書都有詳盡說明。
33580	這道法術
33581	實際上分成
33582	幾個獨立階段，
33583	第一階段
33584	是「再生階段」。
33585	為了替遊蕩的靈魂
33586	打造新軀體，
33587	你需要取得
33588	該身體生前的
33589	三種樣本。
33590	此法術的原理是：
33591	構成一個軀體
33592	與另一個軀體的差異，
33593	其實只有三樣東西——
33594	大腦、心臟與皮膚。
33595	這三者各取一小片，
33596	才能為靈魂重塑軀體。
33597	軀體必須
33598	在宗教聖地重塑，
33599	因為唯有在這類場所，
33600	靈界與人間
33601	才貼近到
33602	足以讓靈魂穿越交界。
33603	第二階段
33604	是「召喚階段」。
33605	這個階段的法術
33606	需要一件
33607	亡魂生前珍視的物品。
33608	這件物品
33609	會把靈魂吸引到
33610	我們的物質界，
33611	讓它試圖進入
33612	為它準備好的軀體。
33613	最後一個階段
33614	稱為「結合階段」，
33615	目的是為軀殼
33616	注入新的生命力，
33617	讓靈魂得以重新
33618	在現實世界中操控它。
33619	為此，必須用
33620	一具活生生的軀體
33621	作為「容器」，
33622	安置歸來的靈魂。
33623	完成之後，
33624	靈魂便會被吸回
33625	軀體之中，重獲新生。
33626	務必當心，
33627	施展這道法術會大量消耗施法者的元氣，你可能得靜養許多天，才能恢復耗盡的法力。
33628	有個驚人的
33629	醫學現象
33630	最近才逐漸曝光，
33631	那就是「死靈醫生」。
33632	這群變態
33633	病理學家
33634	所奉行的，
33635	正是那套邪門的
33636	「科學怪人理論」，
33637	試圖讓死者重獲新生。
33638	令人吃驚的是，
33639	這種行徑至今
33640	仍未被明令禁止，
33641	這些醫生
33642	可以在世界各地
33643	自由執業。
33644	基督徒
33645	對此深惡痛絕，
33646	抗議與請願不斷，
33647	要求終止這種行為。
33648	然而始終沒有成功，
33649	如今民眾開始
33650	訴諸更激烈的手段——
33651	動用私刑暴力。
33652	全國各地
33653	許多實驗室
33654	遭到攻擊，
33655	設備被搗毀。
33656	有一間實驗室
33657	被燒成平地，
33658	瓦礫堆中
33659	刻滿了成百上千個
33660	十字架。
33661	有名研究員
33662	甚至被狂熱份子
33663	在額頭上
33664	烙下十字印記。
33665	但這些實驗室
33666	到底在搞什麼名堂？
33667	許多人專注於
33668	「冷凍休眠」——
33669	把人冷凍到全身機能停止，讓他維持在假死狀態，期望有朝一日生命能夠恢復。這是一種極為
33670	實驗性過程，
33671	成功案例寥寥可數。
33672	許多人面臨
33673	絕症之死，
33674	仍甘願冒險一試。
33675	其餘進行中的
33676	實驗只能靠揣測，
33677	因為一切都
33678	被列為機密，
33679	但謠言始終不斷。
33680	變態手術與解剖的指控，
33681	當局一概
33682	視而不見。
33683	人們還要多久才會正視，
33684	並採取行動？
33685	這套理論的核心，
33686	正是惡名昭彰的
33687	法蘭肯斯坦博士
33688	的研究——
33689	他宣稱人體
33690	不過是一袋
33691	沒有靈魂的
33692	化學物質，
33693	此說一出震驚全世界。
33694	根據他的理論，
33695	我們並無永恆的靈魂，
33696	只有一套
33697	極其複雜、
33698	操控我們一切行為
33699	的化學雞尾酒。
33700	他還宣稱
33701	能起死回生，
33702	這也正是後世諸多恐怖電影，
33703	取材自其曾祖父
33704	創造物的由來。
33705	許多科學家駁斥此說，
33706	斥之為瘋子的胡言亂語。
33707	真相尚待揭曉，
33708	全世界都在等待研究結果。
33709	自然界最強大也
33710	最常見的能量
33711	來源之一，就是閃電。
33712	雷雨雲中的
33713	水分子會
33714	累積出強大的電荷。
33715	每個水滴
33716	下墜時會分裂，
33717	帶正電荷的部分下降，
33718	使周圍空氣帶負電。
33719	當電荷
33720	累積足夠時，
33721	便會透過閃電接地放電。
33722	這些閃電會嘗試
33723	尋找到地面阻力最小、
33724	最容易的路徑。
33725	因此，閃電通常會擊中
33726	高大的金屬結構
33727	藉以接地。
33728	從一公里
33729	高處要讓閃電
33730	接地所需的靜電荷，
33731	高達數百萬焦耳。
33732	若能收集並儲存
33733	這股能量，
33734	將為人類帶來莫大的經濟效益。
33735	可惜目前
33736	無法預測
33737	閃電何時會再度落下，
33738	而且極其危險，
33739	因為我們
33740	永遠無法得知
33741	一道閃電
33742	究竟蘊藏多少能量。
33743	無線電通訊
33744	利用了
33745	電磁波能夠
33746	承載聲音
33747	之電子訊號的特性——
33748	聲音經過轉換後
33749	會變成頻率訊號。
33750	這些電磁波
33751	先由麥克風
33752	接收，
33753	並轉換成電子頻率訊號。
33754	訊號接著
33755	會通過放大器加以放大，
33756	最後透過
33757	磁性線圈，
33758	把電子震盪
33759	轉換回
33760	我們都能聽見的聲波。
33761	復活理論 - 一本非常古老的書，詳細記載了復活術的內容。
33762	法蘭肯斯坦博士的理論 - 這份醫學報告記載了頂尖病理學家法蘭肯斯坦博士的研究成果。
33763	自然科學 - 一本講述我們周遭世界化學原理的書。
33764	少年實用科學 - 一本色彩繽紛的書，教小朋友認識現代科技的運作原理。
33765	別碰那個，賽德里克。
33766	哈囉，賽德里克。
33767	我能為你做什麼？
33768	1. 調配藥方
33769	2. 要求放一星期假
33770	3. 要求加薪
33771	4. 問能否幫忙
33772	別碰那個。
33773	你不是我的助手。
33774	滾出去！
33775	別煩我，我忙得很。
33776	你要我調配什麼？
33777	1. 一劑烈性毒藥
33778	2. 一瓶春藥
33779	3. 一份花園肥料
33780	4. 一瓶生髮水
33781	休想。你平常就沒做多少事，根本不配放假，更沒資格要。滾出去。
33782	什麼！你這厚臉皮的小鬼。滾出去，別煩我。
33783	不用了，謝謝。
33784	滾出去，別煩我。都說了我很忙。
33785	我需要那份藥方。
33786	就這樣？我馬上幫你調。
33787	別再浪費我的時間了，滾出去
33788	別浪費我的時間。去試試圖書館。我很忙，滾出去。
33789	別浪費我的時間。有艾薇拉在，你用不著那玩意。滾出去，我很忙。
33790	你這笨小子，是想把什麼東西弄大？滾出去，我很忙。
33791	那是要給誰的？真是浪費時間。滾出去，別煩我。
33792	我等你等好久了，你死到哪去了？
33793	1. 忙著找艾薇拉
33794	2. 我食物中毒了
33795	3. 少管閒事
33796	4. 抱歉，殿下
33797	你不該出現在這裡。你長得一點都不像我的助手。
33798	你是冒牌貨。我真正的助手知道她在哪裡。
33799	我煮的東西沒問題。是你「黑魔球碎酒」喝太多了。在這裡等著，看好門。
33800	你這厚臉皮的小癩蛤蟆。
33801	吃我這招。
33802	你被變成了一隻癩蛤蟆。這樣你可救不了艾薇拉。
33803	我的助手才不會這樣卑躬屈膝。你一定是冒牌貨。
33804	那位印地安工友還在生悶氣。
33805	吼喔！！
33806	1. 嗨
33807	2. 吼喔什麼？
33808	3. 廁所在哪？
33809	4. 有可樂販賣機嗎？
33810	我警告他們，勿在此建攝影棚。今大凶將至。
33811	1. 什麼大禍？
33812	2. 我能做什麼？
33813	3. 艾薇拉在哪裡？
33814	強大惡靈降臨。擄走女主人。奪我法力。欲奴役眾生。
33815	1. 你需要看心理醫生。
33816	2. 什麼法力？
33817	3. 說說那惡靈的事。
33818	須尋回法力。速速取來予我。
33819	1. 什麼法力？
33820	2. 我還有多少時間？
33821	3. 你有烈酒嗎？
33822	女主人被惡靈擄走，藏於片場之中。
33823	1. 哪一個攝影棚？
33824	2. 什麼惡靈？
33825	3. 他為何要艾薇拉？
33826	4. 我得走了。
33827	印地安工友生著悶氣。
33828	長矛、戰斧、魔法袋
33829	1. 這些東西有何用？
33830	2. 哪一把長矛？
33831	3. 魔法袋是什麼？
33832	4. 哪一把戰斧？
33833	惡靈化犬形而來。擁強大法力。掌眾多邪惡。
33834	時日無多。女主人黎明前必死。
33835	攝影棚已被邪靈附身。
33836	艾薇拉法力強大。惡靈需其力以奴役世界。
33837	取來予我。連同和平菸斗一併取來。
33838	1. 這些東西怎麼幫得上忙？
33839	2. 我能怎麼幫忙？
33840	戰矛。
33841	強大法力。
33842	古老的印地安戰斧。
33843	我吸菸斗，喚起強大法力。
33844	我施法力。你去尋聖人。用魔法袋喚出惡靈。用戰矛擊殺惡靈。以戰斧剖心。
33845	我現在喚起強大法力。
33846	祝福你。你讓一位上帝之人重獲新生。
33847	我該如何報答你？
33848	1. 是這樣的，有隻惡魔……
33849	2. 你有零錢嗎？
33850	3. 各種信用卡我都收
33851	4. 我需要你幫忙
33852	什麼惡魔？
33853	1. 說來話長
33854	2. 是隻地獄犬
33855	3. 我還沒見過牠
33856	4. 我完全沒頭緒
33857	別開玩笑。
33858	這可不是鬧著玩的事。
33859	要幫什麼忙？
33860	1. 我需要找到艾薇拉
33861	2. 你擅長畫畫嗎？
33862	3. 你會下棋嗎？
33863	我不喜歡狗。
33864	地獄犬？那不是神話中的怪獸嗎。工友應該比我更幫得上忙。
33865	1. 我們已經談過了
33866	2. 他說你會幫我
33867	你連我們面對的是什麼都不知道，我要怎麼幫你。
33868	這我一點都不意外，你看起來就呆頭呆腦的。
33869	我完全不知道她在哪，那個不要臉的騷貨。
33870	我只會畫五芒星，或是裸體畫。
33871	只有棋子是紙做的，我才下得好。
33872	我猜他是說你會需要我的幫忙。
33873	你要我做什麼？
33874	1. 我不知道
33875	2. 我還以為你會知道
33876	1. 用人血畫一個五芒星    並為它祝聖。
33877	2. 驅逐惡靈。
33878	那你最好去查清楚。
33879	我也不知道。建議你去圖書館查查這個問題。
33880	好。把血給我。
33881	1. 我沒有血
33882	2. 在這裡
33883	我不搞那種裝神弄鬼的宗教把戲。
33884	那你最好去弄一些來。
33885	你根本沒有血。別耍我，我們時間不多了。
33886	好。停車場是唯一空間足夠的地方。我這就去那裡畫五芒星並為它祝聖。你要盡快趕過來。
